<?xml version="1.0" encoding="UTF-8" standalone="yes"?>

<!--
MISSION TEMPLATE XML
********************
This template contains every possible element that can be used in mission design.
Please read the comments to understand how they work!
(A comment in XML looks like the text block you are reading right now!)
You can copy and modify this file to make the mission design process as easy as possible.
Optional elements are marked as such in the comments.
If you leave them out (remove tag completely from file!) - the given default values will be used!
Use any advanced text editor that can highlight XML syntax (like "notepad++"" or "Sublime Text")
as working with a simple monochromatic text editor will
be very difficult! Also turn off automatic line wrapping!

!!! CAUTION: DON'T MAKE OBJECTS OVERLAP! IT WILL CRASH THE GAME !!!

-->

<mission>
    
    <!--        MISSION DATA
    *********************************** -->
    <title>Mission Lasso</title> <!-- will be shown on shop/mission screen -->
    <description>You don't have much time. Pass all the checkpoints as quickly as possible!</description> <!-- will be shown on shop/mission screen -->
    <timeLimit>8</timeLimit> <!-- mission time limit in seconds -->
    <maxFuel>200</maxFuel> <!-- amount of fuel to be used during the mission -->
    <reward>1230</reward> <!-- amount of money the player earns when completing the mission -->
    <startBase>Base XY</startBase> <!-- the ID of the base the ship starts the mission from (this base MUST EXIST!) -->
    <startPosition>0</startPosition> <!-- the start position of the ship (0 = top of base, 1 = left side of base, 2 = bottom of base, 3 = right side of base) -->
    

    <!--        MISSION OBJECTIVES
    *********************************** -->

    <!-- you MUST have AT LEAST ONE mission-"objective" within the "objectives"-tag! -->
    <objectives>
        <!-- example for objective type "checkpoint": player has to pass one checkpoint! (free to choose) -->
    	<objective>
        	<order>1</order> <!-- objectives will be sorted using this number! -->
            <type>checkpoint</type> <!-- type of the objective ("collect", "land", "checkpoint" or "survive") -->
            <message>Pass any checkpoint!</message> <!-- message to be displayed ingame when this objective is activated -->
        </objective>

        <objective>
        	<order>2</order> <!-- objectives will be sorted using this number! -->
            <type>checkpoint</type> <!-- type of the objective ("collect", "land", "checkpoint" or "survive") -->
            <message>Pass any checkpoint!</message> <!-- message to be displayed ingame when this objective is activated -->
        </objective>

        <objective>
        	<order>3</order> <!-- objectives will be sorted using this number! -->
            <type>checkpoint</type> <!-- type of the objective ("collect", "land", "checkpoint" or "survive") -->
            <message>Pass any checkpoint!</message> <!-- message to be displayed ingame when this objective is activated -->
        </objective>

        <objective>
        	<order>4</order> <!-- objectives will be sorted using this number! -->
            <type>checkpoint</type> <!-- type of the objective ("collect", "land", "checkpoint" or "survive") -->
            <message>Pass any checkpoint!</message> <!-- message to be displayed ingame when this objective is activated -->
        </objective>

        <objective>
        	<order>5</order> <!-- objectives will be sorted using this number! -->
            <type>checkpoint</type> <!-- type of the objective ("collect", "land", "checkpoint" or "survive") -->
            <message>Pass any checkpoint!</message> <!-- message to be displayed ingame when this objective is activated -->
        </objective>

    </objectives>
    

    <!--       BASES
    *********************************** -->

    <!-- you MUST have AT LEAST ONE "base" within the "bases"-tag! -->
    <bases>
        <base>
            <id>Base XY</id> <!-- ID of this base (used for reference in other elements!) -->
            <x>-10</x> <!-- x-position of this base -->
            <y>-30</y> <!-- y-position of this base -->
        </base>

        <!-- ...possible additional bases (for "collect"-objectives)... -->
    </bases>
    
    

    <!--       ASTEROIDS
    *********************************** -->

    <!-- OPTIONAL -->
    <asteroids>
        <asteroid>
            <x>0</x> <!-- initial x-position of this asteroid -->
            <y>0</y> <!-- initial y-position of this asteroid -->
            <radius>3.0</radius> <!-- radius of this asteroid -->
            <mass>8.0</mass> <!-- mass of this asteroid (1 to 10) -->
            <initVelX>0</initVelX> <!-- initial x-velocity of this asteroid -->
            <initVelY>0</initVelY> <!-- initial x-velocity of this asteroid -->
        </asteroid>

        <!-- ...possible additional asteroids... -->
    </asteroids>
    

    <!--       CHECKPOINTS
    *********************************** -->

    <!-- OPTIONAL! checkpoints are needed only if this mission has an objective of type "checkpoint"! -->
    <checkpoints>
    	<checkpoint>
    		<x>0</x> <!-- x-position of this checkpoint -->
    		<y>10</y> <!-- y-position of this checkpoint -->
    		<radius>4</radius> <!-- radius of this checkpoint -->
    		<angle>0</angle> <!-- angle of this checkpoint (in degrees!) -->
    	</checkpoint>

    	<checkpoint>
    		<x>10</x> <!-- x-position of this checkpoint -->
    		<y>0</y> <!-- y-position of this checkpoint -->
    		<radius>4</radius> <!-- radius of this checkpoint -->
    		<angle>90</angle> <!-- angle of this checkpoint (in degrees!) -->
    	</checkpoint>

    	<checkpoint>
    		<x>-10</x> <!-- x-position of this checkpoint -->
    		<y>0</y> <!-- y-position of this checkpoint -->
    		<radius>4</radius> <!-- radius of this checkpoint -->
    		<angle>90</angle> <!-- angle of this checkpoint (in degrees!) -->
    	</checkpoint>

    	<checkpoint>
    		<x>-10</x> <!-- x-position of this checkpoint -->
    		<y>-10</y> <!-- y-position of this checkpoint -->
    		<radius>4</radius> <!-- radius of this checkpoint -->
    		<angle>90</angle> <!-- angle of this checkpoint (in degrees!) -->
    	</checkpoint>

    	<checkpoint>
    		<x>10</x> <!-- x-position of this checkpoint -->
    		<y>-10</y> <!-- y-position of this checkpoint -->
    		<radius>4</radius> <!-- radius of this checkpoint -->
    		<angle>90</angle> <!-- angle of this checkpoint (in degrees!) -->
    	</checkpoint>

        <!-- ...possible additional checkpoints... -->
    </checkpoints>

  
</mission>