<?xml version="1.0" encoding="UTF-8" standalone="yes"?>

<!--
MISSION TEMPLATE XML
********************
This template contains every possible element that can be used in mission design.
Please read the comments to understand how they work!
(A comment in XML looks like the text block you are reading right now!)
You can copy and modify this file to make the mission design process as easy as possible.
Optional elements are marked as such in the comments.
If you leave them out (remove tag completely from file!) - the given default values will be used!
Use any advanced text editor that can highlight XML syntax (like "notepad++"" or "Sublime Text")
as working with a simple monochromatic text editor will
be very difficult! Also turn off automatic line wrapping!

!!! CAUTION: DON'T MAKE OBJECTS OVERLAP! IT WILL CRASH THE GAME !!!

-->

<mission>
    
    <!--        MISSION DATA
    *********************************** -->
    <title>Mission Money Maker</title>
    <description>Try this with closed eyes - still easy.</description>
    <timeLimit>5</timeLimit>
    <maxFuel>1000</maxFuel>
    <reward>10000</reward>
    <startBase>Base XY</startBase>
    <startPosition>0</startPosition>
    

    <!--        MISSION OBJECTIVES
    *********************************** -->
    <objectives>
        <objective>
        	<order>4</order> <!-- objectives will be sorted using this number! -->
            <type>survive</type> <!-- type of the objective ("collect", "land", "checkpoint" or "survive") -->
            <message>Survive until end of mission time!</message> <!-- message to be displayed ingame when this objective is activated -->
        </objective>
    </objectives>
    

    <!--       BASES
    *********************************** -->
    <bases>
        <base>
            <id>Base XY</id>
            <x>0</x>
            <y>0</y>
        </base>
    </bases>
    

    <!--       MAGNETS
    *********************************** -->
    <magnets>
        <magnet>
            <x>-20</x>
            <y>-40</y>
            <speed>5</speed>
        </magnet>
    </magnets>
    
</mission>