<?xml version="1.0" encoding="UTF-8" standalone="yes"?>

<mission>
    
    <!--        MISSION DATA
    *********************************** -->
    <title>Mission Mooning Moon</title> <!-- will be shown on shop/mission screen -->
    <description>Listen,&#10;you'll have to pass the checkpoint and then land on the planet! But be careful - it has a moon orbiting around it!</description> <!-- will be shown on shop/mission screen -->
    <timeLimit>30</timeLimit> <!-- mission time limit in seconds -->
    <maxFuel>1000</maxFuel> <!-- amount of fuel to be used during the mission -->
    <reward>2150</reward> <!-- amount of money the player earns when completing the mission -->
    <startBase>Base XY</startBase> <!-- the ID of the base the ship starts the mission from (this base MUST EXIST!) -->
    <startPosition>0</startPosition>


    <!--        MISSION OBJECTIVES
    *********************************** -->

    <!-- you MUST have AT LEAST ONE mission-"objective" within the "objectives"-tag! -->
    <objectives>
        <!-- example for objective type "checkpoint": player has to pass one checkpoint! (free to choose) -->
    	<objective>
        	<order>1</order> <!-- objectives will be sorted using this number! -->
            <type>checkpoint</type> <!-- type of the objective ("collect", "land", "checkpoint" or "survive") -->
            <message>Pass a checkpoint!</message> <!-- message to be displayed ingame when this objective is activated -->
        </objective>

        <objective>
        	<order>2</order> <!-- objectives will be sorted using this number! -->
            <type>checkpoint</type> <!-- type of the objective ("collect", "land", "checkpoint" or "survive") -->
            <message>Pass a checkpoint!</message> <!-- message to be displayed ingame when this objective is activated -->
        </objective>


        <!-- example for objective type "land": player has to land on a planet or base! -->
        <objective>
        	<order>3</order> <!-- objectives will be sorted using this number! -->
            <type>land</type> <!-- type of the objective ("collect", "land", "checkpoint" or "survive") -->
            <target>Planet XY</target> <!-- the ID of the planet or base (!) the player has to land on -->
            <message>Land safely on this planet over there!</message> <!-- message to be displayed ingame when this objective is activated -->
        </objective>

    </objectives>
    

    <!--       BASES
    *********************************** -->

    <!-- you MUST have AT LEAST ONE "base" within the "bases"-tag! -->
    <bases>
        <base>
            <id>Base XY</id> <!-- ID of this base (used for reference in other elements!) -->
            <x>0</x> <!-- x-position of this base -->
            <y>20</y> <!-- y-position of this base -->
        </base>
    </bases>
    
   

    <!--       PLANETS
    *********************************** -->

    <!-- OPTIONAL! planets are mandatory only if you reference them in objectives or place ores on them! -->
    <planets>
        <planet>
            <id>Planet XY</id> <!-- the ID of this planet -->
            <x>-10.0</x> <!-- x-position of this planet -->
            <y>-10.0</y> <!-- y-position of this planet -->
            <radius>12.0</radius> <!-- radius of this planet -->
            <mass>6.0</mass> <!-- mass of this planet (1 to 10 makes sense) -->
        </planet>

        <!-- ...possible additional planets... -->
    </planets>
    
    <moons>
        <moon>
            <planetID>Planet XY</planetID> <!-- ID of the host planet (must exist!) -->
            <distance>4.0</distance> <!-- distance to host planet -->
            <radius>2.0</radius> <!-- radius of this moon -->
            <mass>3.0</mass> <!-- mass of this moon (1 to 10) -->
            <speed>2.0</speed> <!-- speed of this moon -->
        </moon>
    </moons>

    

    <!--       CHECKPOINTS
    *********************************** -->

    <!-- OPTIONAL! checkpoints are needed only if this mission has an objective of type "checkpoint"! -->
    <checkpoints>
    	<checkpoint>
    		<x>10</x> <!-- x-position of this checkpoint -->
    		<y>-5</y> <!-- y-position of this checkpoint -->
    		<radius>5</radius> <!-- radius of this checkpoint -->
    		<angle>90</angle> <!-- angle of this checkpoint (in degrees!) -->
    	</checkpoint>

    	<checkpoint>
    		<x>-30</x> <!-- x-position of this checkpoint -->
    		<y>-5</y> <!-- y-position of this checkpoint -->
    		<radius>5</radius> <!-- radius of this checkpoint -->
    		<angle>90</angle> <!-- angle of this checkpoint (in degrees!) -->
    	</checkpoint>
    </checkpoints>
    
</mission>