<?xml version="1.0" encoding="UTF-8" standalone="yes"?>


<mission>
    
    <!--        MISSION DATA
    *********************************** -->
    <title>Mission Slalom</title> <!-- will be shown on shop/mission screen -->
    <description>Well, this one might be tricky. You will have to use those asteriods for you maneuvers somehow...</description> <!-- will be shown on shop/mission screen -->
    <timeLimit>20</timeLimit> <!-- mission time limit in seconds -->
    <maxFuel>500</maxFuel> <!-- amount of fuel to be used during the mission -->
    <reward>3210</reward> <!-- amount of money the player earns when completing the mission -->
    <startBase>Base XY</startBase> <!-- the ID of the base the ship starts the mission from (this base MUST EXIST!) -->
    <startPosition>0</startPosition>

    <!--        MISSION OBJECTIVES
    *********************************** -->

    <!-- you MUST have AT LEAST ONE mission-"objective" within the "objectives"-tag! -->
    <objectives>
        <!-- example for objective type "checkpoint": player has to pass one checkpoint! (free to choose) -->
    	<objective>
        	<order>1</order> <!-- objectives will be sorted using this number! -->
            <type>checkpoint</type> <!-- type of the objective ("collect", "land", "checkpoint" or "survive") -->
            <message>Pass any checkpoint!</message> <!-- message to be displayed ingame when this objective is activated -->
        </objective>

        <objective>
            <order>1</order> <!-- objectives will be sorted using this number! -->
            <type>checkpoint</type> <!-- type of the objective ("collect", "land", "checkpoint" or "survive") -->
            <message>Pass any checkpoint!</message> <!-- message to be displayed ingame when this objective is activated -->
        </objective>

        <objective>
            <order>1</order> <!-- objectives will be sorted using this number! -->
            <type>checkpoint</type> <!-- type of the objective ("collect", "land", "checkpoint" or "survive") -->
            <message>Pass any checkpoint!</message> <!-- message to be displayed ingame when this objective is activated -->
        </objective>

        <objective>
            <order>1</order> <!-- objectives will be sorted using this number! -->
            <type>checkpoint</type> <!-- type of the objective ("collect", "land", "checkpoint" or "survive") -->
            <message>Pass any checkpoint!</message> <!-- message to be displayed ingame when this objective is activated -->
        </objective>

    </objectives>
    

    <!--       BASES
    *********************************** -->

    <!-- you MUST have AT LEAST ONE "base" within the "bases"-tag! -->
    <bases>
        <base>
            <id>Base XY</id> <!-- ID of this base (used for reference in other elements!) -->
            <x>0</x> <!-- x-position of this base -->
            <y>0</y> <!-- y-position of this base -->
        </base>
    </bases>
    
    

  
    <!-- OPTIONAL -->
    <asteroids>
        <asteroid>
            <x>20.0</x> <!-- initial x-position of this asteroid -->
            <y>0.0</y> <!-- initial y-position of this asteroid -->
            <radius>3.0</radius> <!-- radius of this asteroid -->
            <mass>5.0</mass> <!-- mass of this asteroid (1 to 10) -->
            <initVelX>0</initVelX> <!-- initial x-velocity of this asteroid -->
            <initVelY>0</initVelY> <!-- initial x-velocity of this asteroid -->
        </asteroid>

        <asteroid>
            <x>40.0</x> <!-- initial x-position of this asteroid -->
            <y>0.0</y> <!-- initial y-position of this asteroid -->
            <radius>3.0</radius> <!-- radius of this asteroid -->
            <mass>5.0</mass> <!-- mass of this asteroid (1 to 10) -->
            <initVelX>0</initVelX> <!-- initial x-velocity of this asteroid -->
            <initVelY>0</initVelY> <!-- initial x-velocity of this asteroid -->
        </asteroid>
    </asteroids>


    <checkpoints>
    	<checkpoint>
    		<x>30</x> <!-- x-position of this checkpoint -->
    		<y>0</y> <!-- y-position of this checkpoint -->
    		<radius>4</radius> <!-- radius of this checkpoint -->
    		<angle>90</angle> <!-- angle of this checkpoint (in degrees!) -->
    	</checkpoint>

        <checkpoint>
            <x>50</x> <!-- x-position of this checkpoint -->
            <y>0</y> <!-- y-position of this checkpoint -->
            <radius>4</radius> <!-- radius of this checkpoint -->
            <angle>90</angle> <!-- angle of this checkpoint (in degrees!) -->
        </checkpoint>

        <checkpoint>
            <x>40</x> <!-- x-position of this checkpoint -->
            <y>20</y> <!-- y-position of this checkpoint -->
            <radius>4</radius> <!-- radius of this checkpoint -->
            <angle>0</angle> <!-- angle of this checkpoint (in degrees!) -->
        </checkpoint>

        <checkpoint>
            <x>0</x> <!-- x-position of this checkpoint -->
            <y>20</y> <!-- y-position of this checkpoint -->
            <radius>4</radius> <!-- radius of this checkpoint -->
            <angle>0</angle> <!-- angle of this checkpoint (in degrees!) -->
        </checkpoint>

        <!-- ...possible additional checkpoints... -->
    </checkpoints>

</mission>