<?xml version="1.0" encoding="UTF-8" standalone="yes"?>

<!--
MISSION TEMPLATE XML
********************
This template contains every possible element that can be used in mission design.
Please read the comments to understand how they work!
(A comment in XML looks like the text block you are reading right now!)
You can copy and modify this file to make the mission design process as easy as possible.
Optional elements are marked as such in the comments.
If you leave them out (remove tag completely from file!) - the given default values will be used!
Use any advanced text editor that can highlight XML syntax (like "notepad++"" or "Sublime Text")
as working with a simple monochromatic text editor will
be very difficult! Also turn off automatic line wrapping!

!!! CAUTION: DON'T MAKE OBJECTS OVERLAP! IT WILL CRASH THE GAME !!!

-->

<mission>
    
    <!--        MISSION DATA
    *********************************** -->
    <title>Here goes the mission title!</title> <!-- will be shown on shop/mission screen -->
    <description>Dear space cadet,&#10;&#10;this is the mission description text. "&#10;" will produce a line break!</description> <!-- will be shown on shop/mission screen -->
    <timeLimit>30</timeLimit> <!-- mission time limit in seconds -->
    <maxFuel>1000</maxFuel> <!-- amount of fuel to be used during the mission -->
    <reward>3000</reward> <!-- amount of money the player earns when completing the mission -->
    <shipMaxPower>0</shipMaxPower> <!-- OPTIONAL! limits the engine power to the given value for this mission (use 0 or or delete entry for no limits) -->
    <shipMaxSpin>0</shipMaxSpin> <!-- OPTIONAL! limits the ships rotation speed to the given value for this mission (use 0 or or delete entry for no limits) -->
    <shipMaxBeamLength>0</shipMaxBeamLength> <!-- OPTIONAL! limits the length of the tractor beam to the given value for this mission (use 0 or or delete entry for no limits) -->
    <shipMaxBoost>0</shipMaxBoost> <!-- OPTIONAL! limits the ships boost power to the given value for this mission (use 0 or or delete entry for no limits) -->
    <gameSpeed>0.5</gameSpeed> <!-- OPTIONAL! 0.5 is default - values between 0.3 and 1.0 are OK, but it's recommended to use 0.5 -->
    <backgroundMusic>random</backgroundMusic> <!-- OPTIONAL! file has to be in .ogg format and must be included in the campaign archive! use "random" or delete entry for a random internal music -->
    <backgroundImage>random</backgroundImage> <!-- OPTIONAL! file has to be in .jpg or .png format and must be included in the campaign archive! use "random" or delete entry for a random internal background image -->
    <startBase>Base XY</startBase> <!-- the ID of the base the ship starts the mission from (this base MUST EXIST!) -->
    <startPosition>0</startPosition> <!-- the start position of the ship (0 = top of base, 1 = left side of base, 2 = bottom of base, 3 = right side of base) -->
    

    <!--        MISSION OBJECTIVES
    *********************************** -->

    <!-- you MUST have AT LEAST ONE mission-"objective" within the "objectives"-tag! -->
    <objectives>
        <!-- example for objective type "checkpoint": player has to pass one checkpoint! (free to choose) -->
    	<objective>
        	<order>1</order> <!-- objectives will be sorted using this number! -->
            <type>checkpoint</type> <!-- type of the objective ("collect", "land", "checkpoint" or "survive") -->
            <message>Pass any checkpoint!</message> <!-- message to be displayed ingame when this objective is activated -->
        </objective>

        <!-- example for objective type "collect": player has to transport an ore to a base via tractor beam! -->
        <objective>
        	<order>2</order> <!-- objectives will be sorted using this number! -->
            <type>collect</type> <!-- type of the objective ("collect", "land", "checkpoint" or "survive") -->
            <target>Base XY</target> <!-- the ID of the base the ore has to be dropped off at (must exist!) -->
            <message>Collect 1 ore and bring it to Base XY!</message> <!-- message to be displayed ingame when this objective is activated -->
        </objective>

        <!-- example for objective type "land": player has to land on a planet or base! -->
        <objective>
        	<order>3</order> <!-- objectives will be sorted using this number! -->
            <type>land</type> <!-- type of the objective ("collect", "land", "checkpoint" or "survive") -->
            <target>Planet XY</target> <!-- the ID of the planet or base (!) the player has to land on -->
            <message>Land safely on Planet XY!</message> <!-- message to be displayed ingame when this objective is activated -->
        </objective>

        <!-- example for objective type "survive": player has to survive until mission time is up! -->
        <objective>
        	<order>4</order> <!-- objectives will be sorted using this number! -->
            <type>survive</type> <!-- type of the objective ("collect", "land", "checkpoint" or "survive") -->
            <message>Survive until end of mission time!</message> <!-- message to be displayed ingame when this objective is activated -->
        </objective>

        <!-- ...possible additional objectives... -->
    </objectives>
    

    <!--       BASES
    *********************************** -->

    <!-- you MUST have AT LEAST ONE "base" within the "bases"-tag! -->
    <bases>
        <base>
            <id>Base XY</id> <!-- ID of this base (used for reference in other elements!) -->
            <x>20</x> <!-- x-position of this base -->
            <y>20</y> <!-- y-position of this base -->
        </base>

        <!-- ...possible additional bases (for "collect"-objectives)... -->
    </bases>
    
    

    <!--       ORES
    *********************************** -->

    <!-- OPTIONAL! you need at least as many ores as "collect"-objectives, which CAN be 0 -->
    <ores>
        <!-- example for an ore located on a planet -->
        <ore>
            <planetID>Planet XY</planetID> <!-- ID of the planet the ore is located on -->
            <position>0.25</position> <!-- position of the ore on the planet (in degrees! 0/360 = top, 180 = bottom, can be negative!) -->
            <radius>1.0</radius> <!-- OPTIONAL! radius of the ore. default is 1 -->
            <mass>1.0</mass> <!-- OPTIONAL! mass of the ore. default is 1 (1 to 3 makes sense)-->
        </ore>

        <!-- example for an ore located at the given coordinates in free space -->
        <ore>
            <x>-20</x> <!-- x-position of this ore -->
            <y>20</y> <!-- x-position of this ore -->
            <radius>1.0</radius> <!-- OPTIONAL! radius of the ore. default is 1 -->
            <mass>1.0</mass> <!-- OPTIONAL! mass of the ore. default is 1 (1 to 3 makes sense) -->
        </ore>

        <!-- ...possible additional ores... -->
    </ores>
    
    

    <!--       PLANETS
    *********************************** -->

    <!-- OPTIONAL! planets are mandatory only if you reference them in objectives or place ores on them! -->
    <planets>
        <planet>
            <id>Planet XY</id> <!-- the ID of this planet -->
            <x>10.0</x> <!-- x-position of this planet -->
            <y>-10.0</y> <!-- y-position of this planet -->
            <radius>8.0</radius> <!-- radius of this planet -->
            <mass>6.0</mass> <!-- mass of this planet (1 to 10 makes sense) -->
			<colorR>1.0</colorR> <!-- OPTIONAL! red-value of planet color. default will be random! -->
			<colorG>0.2</colorG> <!-- OPTIONAL! green-value of planet color. default will be random! -->
			<colorB>0.0</colorB> <!-- OPTIONAL! blue-value of planet color. default will be random! -->
        </planet>

        <!-- ...possible additional planets... -->
    </planets>
    
    

    <!--       ASTEROIDS
    *********************************** -->

    <!-- OPTIONAL -->
    <asteroids>
        <asteroid>
            <x>10.0</x> <!-- initial x-position of this asteroid -->
            <y>10.0</y> <!-- initial y-position of this asteroid -->
            <radius>1.0</radius> <!-- radius of this asteroid -->
            <mass>2.0</mass> <!-- mass of this asteroid (1 to 10) -->
            <initVelX>35.0</initVelX> <!-- initial x-velocity of this asteroid -->
            <initVelY>-15</initVelY> <!-- initial x-velocity of this asteroid -->
        </asteroid>

        <!-- ...possible additional asteroids... -->
    </asteroids>
    
    

    <!--       MOONS
    *********************************** -->

    <!-- OPTIONAL -->
    <moons>
        <moon>
            <planetID>Planet XY</planetID> <!-- ID of the host planet (must exist!) -->
            <distance>3.0</distance> <!-- distance to host planet -->
            <radius>1.0</radius> <!-- radius of this moon -->
            <mass>2.0</mass> <!-- mass of this moon (1 to 10) -->
            <speed>1.0</speed> <!-- speed of this moon -->
			<colorR>0.3</colorR> <!-- OPTIONAL! red-value of moon color. default will be random! -->
			<colorG>1.0</colorG> <!-- OPTIONAL! green-value of moon color. default will be random! -->
			<colorB>0.0</colorB> <!-- OPTIONAL! blue-value of moon color. default will be random! -->
        </moon>

        <!-- ...possible additional moons... -->
    </moons>

    

    <!--       CHECKPOINTS
    *********************************** -->

    <!-- OPTIONAL! checkpoints are needed only if this mission has an objective of type "checkpoint"! -->
    <checkpoints>
    	<checkpoint>
    		<x>-10</x> <!-- x-position of this checkpoint -->
    		<y>-10</y> <!-- y-position of this checkpoint -->
    		<radius>4</radius> <!-- radius of this checkpoint -->
    		<angle>45</angle> <!-- angle of this checkpoint (in degrees!) -->
    		<colorR>0</colorR> <!-- OPTIONAL! red-value of checkpoint color. default will be random! -->
    		<colorG>1</colorG> <!-- OPTIONAL! green-value of checkpoint color. default will be random! -->
    		<colorB>0</colorB> <!-- OPTIONAL! blue-value of checkpoint color. default will be random! -->
    	</checkpoint>

        <!-- ...possible additional checkpoints... -->
    </checkpoints>

    

    <!--       MAGNETS
    *********************************** -->

    <!-- OPTIONAL! magnets will follow the ship and make it explode on impact (used for "survive"-objective) -->
    <magnets>
        <magnet>
            <x>-10</x> <!-- x-position of this checkpoint -->
            <y>-10</y> <!-- y-position of this checkpoint -->
            <speed>2</speed> <!-- speed or strength of this magnet (1 to 5 makes sense here!) -->
        </magnet>

        <!-- ...possible additional magnets... -->
    </magnets>
    
</mission>